sequence,fps,frames,left_arm__shape_mean_deg,left_arm__elbow_p95_deg,left_arm__upper_ori_p95_deg,left_arm__hand_ori_p95_deg,left_arm__limit_occupancy,left_arm__limit_longest_frames,left_arm__limit_longest_sec,left_arm__score,left_arm__status,right_arm__shape_mean_deg,right_arm__elbow_p95_deg,right_arm__upper_ori_p95_deg,right_arm__hand_ori_p95_deg,right_arm__limit_occupancy,right_arm__limit_longest_frames,right_arm__limit_longest_sec,right_arm__score,right_arm__status,waist__torso_ori_mean_deg,waist__torso_ori_p95_deg,waist__limit_occupancy,waist__limit_longest_frames,waist__limit_longest_sec,waist__score,waist__status,sequence_status,repair_region
gBR_sBM_c01_d04_mBR0_ch02,30.0,359,15.24843105368737,21.886397915998465,24.955030002834928,14.329568608107115,0.013927576601671309,4,0.13333333333333333,1.0527756950704559,GOOD,12.752009534625053,16.210960106617684,24.333211281595077,21.24682619833271,0.0,0,0.0,0.9709242543492277,GOOD,9.370429544849811,15.978526804053258,0.22841225626740946,33,1.1,1.1986054533716506,GOOD,GOOD,none
gBR_sBM_c01_d04_mBR0_ch03,30.0,359,14.635599328232681,35.524642944867885,20.29914858797447,15.020785997529988,0.0,0,0.0,1.0637095174775397,GOOD,13.410143708132669,31.14056677581186,21.049560067190743,14.844484552405103,0.0,0,0.0,1.201039979669186,GOOD,6.27336761651365,12.533921929062213,0.0,0,0.0,0.42189185572978327,GOOD,GOOD,none
gBR_sBM_c01_d04_mBR0_ch05,30.0,359,11.59735119657666,30.912744385530107,29.154657634948855,20.280233144100556,0.10584958217270195,12,0.4,1.1671658166438048,GOOD,11.645779616476993,26.168981002276333,27.219717322986966,16.197718158060432,0.06963788300835655,8,0.26666666666666666,1.2803787073077757,GOOD,10.50797762800064,32.79765847235517,0.3203342618384401,31,1.0333333333333334,2.6825053886961308,GOOD,GOOD,none
gBR_sBM_c01_d04_mBR0_ch06,30.0,359,13.273652664746791,26.469976961944308,58.7013082673518,22.357592430421786,0.19498607242339833,28,0.9333333333333333,3.172579026965061,GOOD,12.131840029927066,17.224749977287352,33.29886992547426,16.77502362689158,0.019498607242339833,3,0.1,1.2206820363596897,GOOD,10.328526181068469,28.602052666126013,0.32590529247910865,21,0.7,2.3295604827854763,GOOD,GOOD,none
gBR_sBM_c01_d04_mBR0_ch07,30.0,359,12.015089224180315,25.799580383327537,12.718856101265535,18.28969796264814,0.0,0,0.0,0.2474967296900969,GOOD,13.658127280605141,15.811056839390496,12.413174816427036,15.504255308351622,0.0,0,0.0,0.1328610721536593,GOOD,12.965500063384031,21.442911362089745,0.6908077994428969,65,2.1666666666666665,2.213178654430945,GOOD,GOOD,none
gBR_sBM_c01_d04_mBR0_ch08,30.0,359,13.874698354704304,24.825422070692756,16.741724840081925,18.047621185017242,0.0,0,0.0,0.3060215299443496,GOOD,12.990230878652891,21.202764810385045,16.580679613209828,17.352489659242842,0.0,0,0.0,0.3250548380647628,GOOD,16.47420565782106,31.026392710593907,0.9749303621169917,182,6.066666666666666,3.530919597797931,FAIL,FAIL,waist
gBR_sBM_c01_d04_mBR0_ch10,30.0,359,13.093303743769392,23.535285572375475,16.350625880548336,14.595246323603135,0.0,0,0.0,0.0,GOOD,13.014625039141242,19.435106986619196,14.493614463412303,14.057348147294139,0.0,0,0.0,0.0869148409642363,GOOD,13.245654436594148,20.78173937655605,0.9637883008356546,346,11.533333333333333,2.208475735174024,GOOD,GOOD,none
gHO_sBM_c01_d19_mHO0_ch02,30.0,261,13.86839589844346,20.944272604032747,8.406881211923293,10.33915707265252,0.0,0,0.0,0.19112059874910786,GOOD,15.042263774184857,14.567758443964593,11.155250281714551,13.143649723456901,0.0,0,0.0,0.5458164397835019,GOOD,4.585925011930772,8.949119988457937,0.0,0,0.0,0.0,GOOD,GOOD,none
gHO_sBM_c01_d19_mHO0_ch03,30.0,261,13.002452275428626,28.46136336675164,11.28210396135873,8.945044089472221,0.0,0,0.0,0.2653705483314566,GOOD,14.746403267177817,24.277423298638524,9.50806547576541,10.19196480557597,0.0,0,0.0,0.8716013448203807,GOOD,2.9700608865063387,5.444593768625467,0.0,0,0.0,0.0,GOOD,GOOD,none
gHO_sBM_c01_d19_mHO0_ch08,30.0,261,12.846551393229136,27.03556576816385,12.610642293846555,8.648878849788856,0.0,0,0.0,0.18503844098458724,GOOD,13.828001846410167,15.375811946787877,7.510184884713984,9.220110069713497,0.0,0,0.0,0.18354293344289369,GOOD,3.566227559509742,7.589600468699882,0.0,0,0.0,0.0,GOOD,GOOD,none
gHO_sBM_c01_d19_mHO0_ch09,30.0,261,12.89617387034999,21.03175478238761,7.948455467018136,7.334565182183369,0.0,0,0.0,0.0,GOOD,13.24619936012949,14.792641126297298,6.716499551957855,9.42937452928643,0.0,0,0.0,0.009962899447383228,GOOD,4.6274556265364195,9.465573749286737,0.0,0,0.0,0.0,GOOD,GOOD,none
gHO_sBM_c01_d19_mHO0_ch10,30.0,261,14.956543218681597,30.157986517004247,19.63439716495502,17.42639594951844,0.0,0,0.0,0.848881677506937,GOOD,15.437105868347546,23.949930970977178,15.446294990649745,13.574592607746943,0.0,0,0.0,1.0555466965622866,GOOD,4.449829898936871,8.19617755964879,0.0,0,0.0,0.0,GOOD,GOOD,none
gJB_sBM_c01_d07_mJB0_ch02,30.0,359,11.261183752320616,29.594806572771738,16.822520819967515,15.919451394270625,0.025069637883008356,4,0.13333333333333333,0.3292308615959552,GOOD,8.108870964324021,17.572819610022773,15.496890989192806,11.234625609010253,0.027855153203342618,4,0.13333333333333333,0.0,GOOD,8.600373474518939,13.455116455133261,0.052924791086350974,8,0.26666666666666666,0.8770252913896441,GOOD,GOOD,none
gJB_sBM_c01_d07_mJB0_ch05,30.0,359,16.399419936953315,35.99858261488554,52.827110916497276,20.834129631426336,0.31197771587743733,59,1.9666666666666666,3.2146577188339247,GOOD,12.14348244745369,25.011737884443715,35.032459507933424,21.021504078700534,0.08356545961002786,9,0.3,1.727944073522893,GOOD,8.640218300273094,24.092478274300845,0.0,0,0.0,1.7033370119554716,GOOD,GOOD,none
gJB_sBM_c01_d07_mJB0_ch06,30.0,359,11.652672660144521,23.395250300124246,17.3823148980006,16.521687494140846,0.07520891364902507,12,0.4,0.0,GOOD,10.677355130809996,16.0045698878201,19.383388066439313,21.8985389173751,0.06128133704735376,10,0.3333333333333333,0.68936230275972,GOOD,5.743033259541925,11.004964113851543,0.03064066852367688,5,0.16666666666666666,0.2165194907305802,GOOD,GOOD,none
gJB_sBM_c01_d07_mJB0_ch08,30.0,359,12.173824175941135,26.536114074356593,15.217597920894262,12.401600069442367,0.033426183844011144,9,0.3,0.1568983970391915,GOOD,10.483205122826968,20.068388652608594,13.696530270221544,16.468081848600704,0.08635097493036212,24,0.8,0.1784904045813806,GOOD,8.136636719289767,15.406506967755217,0.0,0,0.0,0.9508487840655929,GOOD,GOOD,none
gJS_sBM_c01_d01_mJS0_ch01,30.0,359,11.277407184572443,14.36151547486576,18.044277578058075,23.479947739512458,0.4206128133704735,151,5.033333333333333,0.5646770764512786,GOOD,9.485226650053724,11.427089455508412,18.292102880256532,26.180707937287092,0.0807799442896936,18,0.6,0.9545050938918896,GOOD,3.2803204238285035,8.523841687063765,0.0,0,0.0,0.0,GOOD,GOOD,none
gJS_sBM_c01_d01_mJS0_ch02,30.0,359,9.580395490906625,7.510015652633342,7.483607625991197,13.937580558004663,0.7938718662952646,174,5.8,0.0,GOOD,8.973047752989157,9.135992556685641,3.933074146806685,12.758495247202584,0.20334261838440112,68,2.2666666666666666,0.0,GOOD,3.24904466174687,3.9411052153172963,0.0,0,0.0,0.0,GOOD,GOOD,none
gJS_sBM_c01_d01_mJS0_ch03,30.0,359,10.465942982596234,22.677208315452546,15.583824610247989,20.097771675306564,0.05013927576601671,16,0.5333333333333333,0.27336581259543413,GOOD,11.286082671019567,20.50791820769516,14.558960962675046,20.315920691365758,0.03064066852367688,11,0.36666666666666664,0.5124223057360897,GOOD,6.158034093278861,17.697674223098744,0.0,0,0.0,0.8007804500424462,GOOD,GOOD,none
gJS_sBM_c01_d01_mJS0_ch04,30.0,359,11.813579788056707,2.0853351654882633,19.970862388578006,20.464915345325515,0.0,0,0.0,0.4568384314836079,GOOD,14.984848701644061,6.667908527846402,22.85323388354314,22.936393308986062,0.0,0,0.0,1.0889101618553116,GOOD,2.762091195391046,4.297710193389874,0.0,0,0.0,0.0,GOOD,GOOD,none
gJS_sBM_c01_d01_mJS0_ch05,30.0,359,8.24285348644264,6.704846653578553,5.059063154672662,9.196078745936227,0.6350974930362117,141,4.7,0.0,GOOD,8.35266962889431,6.20767890397733,4.249013262558391,8.565417180210815,0.011142061281337047,4,0.13333333333333333,0.0,GOOD,2.0878600995791703,3.481429357169592,0.0,0,0.0,0.0,GOOD,GOOD,none
gJS_sBM_c01_d01_mJS0_ch06,30.0,359,8.12470695353332,13.471174996808958,17.547867850884547,12.316574397875044,0.0,0,0.0,0.0,GOOD,9.46170359338467,14.29012384920999,13.774526331290694,12.197183828027471,0.0,0,0.0,0.0,GOOD,2.9804526262999156,6.153179239457899,0.0,0,0.0,0.0,GOOD,GOOD,none
gJS_sBM_c01_d01_mJS0_ch08,30.0,359,8.608946692609365,7.053915220165768,6.406959188724061,9.11570445945277,0.4763231197771588,46,1.5333333333333334,0.0,GOOD,8.173410553042004,5.131977737180589,6.918657363499792,10.254713164697868,0.3398328690807799,43,1.4333333333333333,0.0,GOOD,3.2634061006935142,5.312678869704109,0.0,0,0.0,0.0,GOOD,GOOD,none
gJS_sBM_c01_d01_mJS0_ch09,30.0,359,8.82124199437425,7.822680638040406,12.488671366833545,12.984422696424684,0.479108635097493,53,1.7666666666666666,0.0,GOOD,8.76633402642415,8.559821561288365,15.992186491266315,16.367996716393115,0.2924791086350975,38,1.2666666666666666,0.04087854468339567,GOOD,3.528926461136873,7.0343833828433775,0.0,0,0.0,0.0,GOOD,GOOD,none
gJS_sBM_c01_d01_mJS0_ch10,30.0,359,8.884815025135246,19.259956263222772,12.256541691869632,20.173865957013046,0.48746518105849584,82,2.7333333333333334,0.2793112689609924,GOOD,9.655496724292082,14.551437465373526,9.90392622958066,14.983032956121304,0.4233983286908078,65,2.1666666666666665,0.0,GOOD,6.182788036170056,10.884632980471608,0.41225626740947074,88,2.933333333333333,0.27984173337841695,GOOD,GOOD,none
gKR_sBM_c01_d28_mKR0_ch01,30.0,359,13.552087148686734,10.182440619737875,12.934463213125689,10.988578787244519,0.0,0,0.0,0.10484522960308756,GOOD,12.694723796087635,7.3735668083025425,8.430111446699717,9.281688947404769,0.0,0,0.0,0.0,GOOD,5.424396169271535,14.241370313483626,0.2395543175487465,12,0.4,0.41332178990686597,GOOD,GOOD,none
gKR_sBM_c01_d28_mKR0_ch02,30.0,359,12.502189758491843,9.132585647280699,12.03799016845632,11.4082136793399,0.0,0,0.0,0.0,GOOD,12.65754745534828,6.202530209405315,12.447551473798512,12.233532108593167,0.0,0,0.0,0.0,GOOD,2.800352776944705,5.241794245997512,0.0,0,0.0,0.0,GOOD,GOOD,none
gKR_sBM_c01_d28_mKR0_ch05,30.0,359,12.304793281433469,21.86663859699052,10.598780756185095,9.146314062457607,0.008356545961002786,3,0.1,0.0,GOOD,13.283965318449171,18.444025327792023,9.111334161932145,10.445170076988184,0.0,0,0.0,0.04118916681083736,GOOD,6.461428340322896,13.70679149072133,0.403899721448468,12,0.4,0.5433205377219643,GOOD,GOOD,none
gKR_sBM_c01_d28_mKR0_ch06,30.0,359,14.49490855043317,10.791204357892786,8.206426353732065,10.546505094640466,0.0,0,0.0,0.3620061982358009,GOOD,13.591295752300264,6.934780451424048,7.954617028792129,9.78289535702424,0.0,0,0.0,0.11292197043325838,GOOD,5.013100474743801,10.053134406167308,0.08635097493036212,12,0.4,0.025291122742158372,GOOD,GOOD,none
gKR_sBM_c01_d28_mKR0_ch07,30.0,359,14.586491311399216,17.71793929701983,8.91804920197939,9.185854411411176,0.0,0,0.0,0.386986021006541,GOOD,14.184165789331647,21.561863631261083,10.08048388760829,10.823777832849194,0.0,0,0.0,0.520399343486005,GOOD,6.194214404643311,14.611293279123553,0.2757660167130919,9,0.3,0.5689111069167145,GOOD,GOOD,none
gKR_sBM_c01_d28_mKR0_ch08,30.0,359,26.096090390714647,46.64385133344789,79.96368499927512,41.7201344213626,0.3816155988857939,37,1.2333333333333334,7.658667974396273,FAIL,25.94883010670625,41.1611224570236,83.02423400155315,49.94950173661538,0.27298050139275765,38,1.2666666666666666,8.293592864339265,FAIL,12.201087775765101,23.17190557774658,0.6434540389972145,34,1.1333333333333333,2.2202280626106194,GOOD,FAIL,both_arms
gKR_sBM_c01_d28_mKR0_ch10,30.0,359,15.442811476123664,28.95219803030349,20.96056754134763,21.400277967653995,0.0,0,0.0,0.9956874132999249,GOOD,15.499488886656797,25.831931191421617,20.838725768809702,19.181538663156264,0.0,0,0.0,1.2013037201900152,GOOD,2.6338008542794347,4.178172436266376,0.0,0,0.0,0.0,GOOD,GOOD,none
gLH_sBM_c01_d16_mLH0_ch01,30.0,359,11.328864026622039,13.553470663336542,19.497276828409976,15.420571931218237,0.0,0,0.0,0.12338755680410055,GOOD,13.679998642551473,16.035011633989857,16.49763733486457,15.056088644555073,0.0,0,0.0,0.15639315053788233,GOOD,2.8516021046616697,5.144912320551603,0.0,0,0.0,0.0,GOOD,GOOD,none
gLH_sBM_c01_d16_mLH0_ch02,30.0,359,11.994605121806211,12.103918135973137,15.599186706803653,14.987366485476029,0.0,0,0.0,0.0,GOOD,13.50561383023643,9.147754982635206,13.905213622369864,12.607210014112654,0.0,0,0.0,0.08735887763914123,GOOD,3.224089016710833,5.4123923451312494,0.0,0,0.0,0.0,GOOD,GOOD,none
gLH_sBM_c01_d16_mLH0_ch03,30.0,359,12.616902231832881,22.093481459628062,11.955313049558615,10.210668044151971,0.0,0,0.0,0.0,GOOD,15.710305444273988,20.424380251858054,14.061061901012227,10.254403409239792,0.0,0,0.0,0.8988744928715969,GOOD,6.097724417677027,10.141163976803762,0.033426183844011144,6,0.2,0.20850629407961344,GOOD,GOOD,none
gLH_sBM_c01_d16_mLH0_ch04,30.0,359,13.448896868402848,35.99750022494783,21.302387858872578,17.310534555273865,0.0,0,0.0,0.9330385218098755,GOOD,16.181926359776277,39.661955712024444,30.875209647275202,27.014328745839133,0.06406685236768803,16,0.5333333333333333,2.4379349390648235,GOOD,5.337641922399873,9.818518633271818,0.0,0,0.0,0.05816746111913948,GOOD,GOOD,none
gLH_sBM_c01_d16_mLH0_ch06,30.0,359,12.861104114676563,19.341735744578347,14.850413104582897,13.99508733483793,0.002785515320334262,1,0.03333333333333333,0.0,GOOD,13.429981736625066,15.848781883562,14.423856875530873,17.362207123104817,0.03899721448467967,8,0.26666666666666666,0.18428214105759677,GOOD,5.911225971728078,11.482660819073766,0.0,0,0.0,0.2810970791687898,GOOD,GOOD,none
gLH_sBM_c01_d16_mLH0_ch08,30.0,359,12.356065788235885,26.208274518518625,17.852589194653266,12.67332858359603,0.0,0,0.0,0.15277071247434043,GOOD,13.08639738977435,24.257141453531847,22.767413871638514,18.113927512966043,0.0,0,0.0,0.8516064699721128,GOOD,2.885610842094456,4.646061110075046,0.0,0,0.0,0.0,GOOD,GOOD,none
gLH_sBM_c01_d16_mLH0_ch09,30.0,359,12.048949453232341,16.262944746973034,12.180968202551544,10.721454546102176,0.0,0,0.0,0.0,GOOD,14.090447103852295,14.850655954570833,12.476278383834217,12.557442184991803,0.0,0,0.0,0.2618431431927501,GOOD,3.6453876565690195,7.494713182394903,0.0,0,0.0,0.0,GOOD,GOOD,none
gLH_sBM_c01_d16_mLH0_ch10,30.0,359,11.692092130170264,20.402019449389297,13.198517093619149,11.244886646625305,0.0,0,0.0,0.0,GOOD,13.29109127774362,19.970659884843577,12.569816310551497,12.743731855886608,0.0,0,0.0,0.14645234251049993,GOOD,3.815104444444781,6.969868512073485,0.0,0,0.0,0.0,GOOD,GOOD,none
gLO_sBM_c01_d13_mLO0_ch03,30.0,359,13.340179187551028,18.30287597807096,9.905635767369027,13.758049606752111,0.19498607242339833,70,2.3333333333333335,0.04704588770684004,GOOD,12.475961609689314,17.436297888362514,14.111889432344332,10.832431303538371,0.011142061281337047,3,0.1,0.0,GOOD,4.54645242663836,5.940225122582816,0.0,0,0.0,0.0,GOOD,GOOD,none
gLO_sBM_c01_d13_mLO0_ch04,30.0,359,15.13841674131257,22.513722342726982,17.72463386757492,20.687486679935112,0.013927576601671309,5,0.16666666666666666,0.8569693213034799,GOOD,14.12937355968135,13.318822045277232,14.256519937328946,14.731048188892693,0.0,0,0.0,0.2734568019265361,GOOD,8.260488445090855,11.49577390925875,0.0,0,0.0,0.6699262830959591,GOOD,GOOD,none
gLO_sBM_c01_d13_mLO0_ch05,30.0,359,12.960928798110636,28.335013200644894,18.45997735204793,22.44054979333865,0.0,0,0.0,0.7146652798925668,GOOD,13.330294362353854,23.30262375106521,12.477721330427983,15.170528998526514,0.0,0,0.0,0.3832510446289735,GOOD,3.8894983110689862,5.932939469329693,0.0,0,0.0,0.0,GOOD,GOOD,none
gLO_sBM_c01_d13_mLO0_ch06,30.0,359,12.242936572372638,23.900771465841895,23.364094359816253,22.466346402229625,0.0,0,0.0,0.8381898455144537,GOOD,13.179412420000169,24.424772053640265,21.696774165991187,23.714436784120892,0.0,0,0.0,1.0457503490296833,GOOD,4.3769662265907066,9.047127399874435,0.1392757660167131,14,0.4666666666666667,0.0,GOOD,GOOD,none
gLO_sBM_c01_d13_mLO0_ch07,30.0,359,13.971445546259801,28.49478101469484,22.60152521105675,20.201340665437975,0.0,0,0.0,0.6106597288819702,GOOD,13.388294423896589,18.478010162135128,19.225653843990766,17.12465046528081,0.0,0,0.0,0.30128969791352755,GOOD,5.044835071097897,9.409959877635764,0.116991643454039,9,0.3,0.002619390040801584,GOOD,GOOD,none
gLO_sBM_c01_d13_mLO0_ch08,30.0,359,12.622420188929071,29.06894643195899,22.144635809472366,18.809133379626786,0.0,0,0.0,0.5985125571753585,GOOD,12.929983801933574,17.395158406770516,19.172790209291055,18.562457954199427,0.0,0,0.0,0.4114157657005606,GOOD,4.0998754774075445,7.6837973326969005,0.03064066852367688,8,0.26666666666666666,0.0,GOOD,GOOD,none
gLO_sBM_c01_d13_mLO0_ch09,30.0,359,14.169492769460579,23.601943692136302,21.623475064965323,17.543148177631284,0.0,0,0.0,0.537603077863178,GOOD,10.72788906620316,17.127577707681656,17.170471378240336,16.227665837294435,0.0,0,0.0,0.09206713339901053,GOOD,5.391958137576384,8.152373893611054,0.07520891364902507,9,0.3,0.05992282589489399,GOOD,GOOD,none
gLO_sBM_c01_d13_mLO0_ch10,30.0,359,12.712488654634708,38.79316980080146,22.794869450375778,20.64295166578657,0.04178272980501393,5,0.16666666666666666,1.1895045428190087,GOOD,11.58506787421146,35.75754322136167,20.67936592179277,21.043006355713807,0.019498607242339833,4,0.13333333333333333,1.600152883487553,GOOD,4.596736860850745,9.631364590296707,0.0,0,0.0,0.0,GOOD,GOOD,none
gMH_sBM_c01_d22_mMH0_ch01,30.0,359,15.161099352942538,35.772765125440145,32.41321025840832,25.197439806439323,0.008356545961002786,3,0.1,1.6570332150880438,GOOD,16.122660318068974,27.817872496752766,27.561318651952895,22.55494018992928,0.06963788300835655,15,0.5,1.6296723138856608,GOOD,7.72493514517541,15.441339093633673,0.12534818941504178,8,0.26666666666666666,0.8855688870043861,GOOD,GOOD,none
gMH_sBM_c01_d22_mMH0_ch05,30.0,359,15.630371121022836,29.330431020701667,51.706580246156676,20.551972950441062,0.24512534818941503,31,1.0333333333333334,2.9306023006432227,GOOD,12.105408071766394,22.844037060185816,29.935366039075532,17.352735409074917,0.027855153203342618,3,0.1,1.2384960346637968,GOOD,5.864741277462566,20.563457502571527,0.0,0,0.0,0.973205744337079,GOOD,GOOD,none
gMH_sBM_c01_d22_mMH0_ch06,30.0,359,15.855155867405509,29.980614607775813,25.514040140261457,24.545542942190032,0.0,0,0.0,1.353905396934359,GOOD,13.407340786138771,20.794617470122468,25.56571588685752,25.485880320067444,0.0,0,0.0,1.3890340838395387,GOOD,3.843212968133991,6.363928911559379,0.0,0,0.0,0.0,GOOD,GOOD,none
gMH_sBM_c01_d22_mMH0_ch07,30.0,359,14.311681092863175,27.78904875387933,18.216289446681735,16.570585147261635,0.0,0,0.0,0.5395207430653102,GOOD,15.042891448456214,22.656761826210666,17.904455747332648,14.843913864397006,0.0,0,0.0,0.8505687447178801,GOOD,8.090970899490088,15.792937651349643,0.3398328690807799,11,0.36666666666666664,0.9730892616398453,GOOD,GOOD,none
gMH_sBM_c01_d22_mMH0_ch08,30.0,359,14.792820990382497,32.78702938648075,19.644233112503425,19.81550934933874,0.002785515320334262,1,0.03333333333333333,0.9523505226245739,GOOD,15.41240755020091,29.383080339671093,26.111834883128235,25.767115627495485,0.0,0,0.0,1.5430258850535807,GOOD,4.629362020225129,7.603903370392907,0.0,0,0.0,0.0,GOOD,GOOD,none
gMH_sBM_c01_d22_mMH0_ch09,30.0,359,14.614532555161471,33.334897130871234,27.39238703467774,25.15800603249816,0.0,0,0.0,1.315575772535098,GOOD,15.732548062415091,28.2654134484923,31.30099696005427,27.165246741981708,0.0,0,0.0,1.9077642249000382,GOOD,8.87433587666319,13.178326822964177,0.0,0,0.0,0.9009213856137384,GOOD,GOOD,none
gMH_sBM_c01_d22_mMH0_ch10,30.0,359,13.506916074496633,34.52934480701234,28.350815667313704,18.908816151289297,0.06128133704735376,5,0.16666666666666666,1.317636473101349,GOOD,13.625650571961346,33.577772163363036,26.839224932588305,17.283219861039246,0.0947075208913649,9,0.3,1.7553009178090089,GOOD,8.866150160995309,15.870257792664475,0.17270194986072424,11,0.36666666666666664,1.1070150863027515,GOOD,GOOD,none
gPO_sBM_c01_d10_mPO0_ch01,30.0,359,14.964412118942198,15.960592088041368,12.735795964253764,11.579266950802118,0.0,0,0.0,0.49006649919062434,GOOD,14.239763287921406,15.25012639678575,13.024648014641702,11.903790201472116,0.0,0,0.0,0.30639143736124985,GOOD,3.158333161787935,6.007725095895715,0.0,0,0.0,0.0,GOOD,GOOD,none
gPO_sBM_c01_d10_mPO0_ch02,30.0,359,13.240559763618013,13.137762331613425,15.558891645426867,11.752974778485918,0.0,0,0.0,0.01987401029103973,GOOD,12.944091409571167,9.524763064905136,11.18660836572113,8.760186643776214,0.0,0,0.0,0.0,GOOD,3.578387551653973,6.583422468228242,0.0,0,0.0,0.0,GOOD,GOOD,none
gPO_sBM_c01_d10_mPO0_ch03,30.0,359,14.090216558204787,21.763987614106362,12.993403807768534,13.227244495647188,0.0,0,0.0,0.2516236968133921,GOOD,14.88601338933042,17.853164403719475,13.970082720758379,14.217076728373955,0.0,0,0.0,0.49919933560399127,GOOD,4.51478120514479,10.215126093131317,0.013927576601671309,5,0.16666666666666666,0.037774491385024984,GOOD,GOOD,none
gPO_sBM_c01_d10_mPO0_ch04,30.0,359,13.826324844349092,20.872788379663856,12.433450390121115,11.730422550573447,0.0,0,0.0,0.17964543176385875,GOOD,13.921419196889545,19.598946318945842,14.51046905619556,13.608931871632487,0.0,0,0.0,0.30939746350140196,GOOD,1.3499924276114528,2.196143064307696,0.0,0,0.0,0.0,GOOD,GOOD,none
gPO_sBM_c01_d10_mPO0_ch06,30.0,359,11.015044252520308,11.561861768787209,15.407391431649415,12.248875238910788,0.0,0,0.0,0.0,GOOD,11.901458644060922,8.718177247899055,7.549929368390451,6.906620746214684,0.0,0,0.0,0.0,GOOD,2.9325258810870087,4.756286099081713,0.0,0,0.0,0.0,GOOD,GOOD,none
gPO_sBM_c01_d10_mPO0_ch07,30.0,359,14.496922674991216,20.80883787365948,16.228342140915874,16.627488581654966,0.0,0,0.0,0.36477857568258165,GOOD,13.467342065279473,14.658449162864907,18.482612197278325,18.2192892023554,0.0,0,0.0,0.3378378513045227,GOOD,3.290831609502204,7.67509292896648,0.0,0,0.0,0.0,GOOD,GOOD,none
gPO_sBM_c01_d10_mPO0_ch09,30.0,359,14.375667405546004,17.813381895418846,11.981650869684435,12.05900476526426,0.0,0,0.0,0.3294823625833045,GOOD,14.713729665429009,10.651357930735019,12.46804761893562,10.87131196407827,0.0,0,0.0,0.4477987050517643,GOOD,4.599785929515577,8.57077261037311,0.0,0,0.0,0.0,GOOD,GOOD,none
gWA_sBM_c01_d25_mWA0_ch02,30.0,359,15.013936227321793,36.093715372876886,56.134247160248826,30.33505314018649,0.4233983286908078,33,1.1,3.6256817933171006,GOOD,11.435694157503466,23.715013132880912,49.602448002865636,28.05626897588762,0.3426183844011142,20,0.6666666666666666,3.2097840910674127,GOOD,9.342853859830944,32.977159900253454,0.03064066852367688,5,0.16666666666666666,2.503998249111526,GOOD,GOOD,none
gWA_sBM_c01_d25_mWA0_ch03,30.0,359,15.917234023771307,34.28078850834087,30.1081342760102,28.97594461293173,0.19498607242339833,35,1.1666666666666667,1.7939381392911473,GOOD,11.247694357400492,18.71068333595653,25.982163612474373,25.50531846906774,0.0584958217270195,21,0.7,1.4185952410819862,GOOD,7.445529190674731,16.29656417218269,0.1532033426183844,28,0.9333333333333333,0.9053494338387844,GOOD,GOOD,none
gWA_sBM_c01_d25_mWA0_ch04,30.0,359,13.68927334873662,31.24802537627972,22.303260641922854,19.981083241832405,0.1392757660167131,27,0.9,0.7318029037335174,GOOD,12.520657658369567,12.859831780541487,16.689910373670124,16.702934320201074,0.0,0,0.0,0.09730664800418215,GOOD,6.2208221890526,11.275831742980145,0.0,0,0.0,0.3162669259323726,GOOD,GOOD,none
gWA_sBM_c01_d25_mWA0_ch05,30.0,359,15.683573842014157,39.12648278741613,36.4014875097257,27.02603469243095,0.13370473537604458,20,0.6666666666666666,2.1104140214178746,GOOD,13.444754891645422,29.304106896020354,37.76638446350637,26.68477011303036,0.1615598885793872,30,1.0,2.304853007035521,GOOD,8.039777915315723,22.214683115029878,0.0,0,0.0,1.4595094425393509,GOOD,GOOD,none
gWA_sBM_c01_d25_mWA0_ch06,30.0,359,12.847862792805829,26.828575991371302,30.778602857370842,21.305412914598822,0.0584958217270195,20,0.6666666666666666,1.2390709353518137,GOOD,11.749439032326336,15.96825807180354,21.646967798798862,12.631748344756545,0.011142061281337047,4,0.13333333333333333,0.3635233997427938,GOOD,6.379867094317338,18.01509247913812,0.0,0,0.0,0.8618616895203228,GOOD,GOOD,none
gWA_sBM_c01_d25_mWA0_ch07,30.0,359,13.633290405267498,34.54824371391764,26.66270466094233,28.431390504812885,0.025069637883008356,5,0.16666666666666666,1.5328112535394112,GOOD,12.651289141043497,28.7582349701623,20.82392505675232,29.121065966519577,0.19498607242339833,20,0.6666666666666666,1.7659998095986846,GOOD,7.106659413645744,12.392548832364094,0.17827298050139276,24,0.8,0.5485580666383686,GOOD,GOOD,none
gWA_sBM_c01_d25_mWA0_ch08,30.0,359,11.967785666568993,27.425754829441424,26.09967494041524,28.652401919568007,0.8941504178272981,171,5.7,1.502894694904295,GOOD,10.531311614513857,26.192568490738957,29.668253691065537,30.12093922403723,0.8551532033426184,164,5.466666666666667,2.031589572386369,GOOD,9.018245203922081,16.602517489055273,0.0,0,0.0,1.1885523334391723,GOOD,GOOD,none
gWA_sBM_c01_d25_mWA0_ch10,30.0,359,13.094832810258438,30.595416971304804,22.496789838870384,22.357164891183814,0.0,0,0.0,0.8355055695892721,GOOD,12.336744686630045,28.896783760320055,17.14914257243353,18.868616814342754,0.0,0,0.0,0.9647272550908733,GOOD,4.48246969528766,7.82000393796954,0.0,0,0.0,0.0,GOOD,GOOD,none
